0, James Peterson, +372 50384628, 8/02/2014, Tallinn, gerasimd@gmail.com
1, Arseny Savin, +372 59232313, 9/09/2002, Narva, joelmar@gmail.com
2, Gherardo Ludovici, +372 59382312, 24/12/2009, Parnu, andrewc@gmail.com
3, Alex Powell, +372 59591122, 5/10/2015, Narva, loken@gmail.com
4, Ethan Bailey, +372 50543571, 24/12/2004, Tartu, antonios@gmail.com
5, Chase Cook, +372 50673261, 15/11/2000, Parnu, garrycha@gmail.com
6, Jose Jenkins, +372 50553249, 15/09/2010, Rakvere, jesusg@gmail.com
7, Aidan Smith, +372 58302341, 23/10/2007, Rakvere, hunterc@gmail.com
8, Diego Green, +372 58603492, 24/12/2009, Tallinn, garrys@gmail.com
9, Thomas Thomas, +372 51939203, 4/12/2015, Narva, neoer@gmail.com
10, Andrew Cook, +372 50568930, 23/10/2011, Moskva, lovesund@gmail.com
11, Gabriel Nelson, +372 50583045, 23/10/2012, Tallinn, timothyh@gmail.com
12, Igor Vlassov, +372 50435849, 29/04/2002, Narva, thomas@gmail.com
13, Chimenti Marcello, +372 50443545, 5/07/2016, Parnu, denisrak@gmail.com
14, Mia Ranovich, +372 50545073, 31/01/2000, Tartu, ethantho@gmail.com
15, Gerasim Devin, +372 50353480, 14/03/2006, Tallinn, blakeb@gmail.com
16, Ryan Walker, +372 58923923, 12/01/2004, Moskva, joshuas@gmail.com
17, Alex Powell, +372 50322312, 1/02/2002, Moskva, daniela@gmail.com
18, Charles Gray, +372 54353459, 31/05/2015, Tallinn, charlesg@gmail.com
19, Jacob Jansson, +372 56765702, 13/04/2012, Moskva, robertk@gmail.com
20, Brian Roberts, +372 54303540, 4/12/2011, Moskva, mohammed@gmail.com
21, Jason Collins, +372 50583450, 10/03/2009, Narva, petercha@gmail.com
22, Aidan Smith, +372 50739273, 13/04/2018, Narva, timothym@gmail.com
23, Viktor Lipovkin, +372 50234810, 10/08/2012, Moskva, baldo@gmail.com
24, Gabriel Nelson, +372 50322312, 13/04/2015, Narva, daniela@gmail.com
25, Matvei Petrow, +372 50372942, 15/11/2000, Viljandi, brandons@gmail.com
26, Robert Turchin, +372 56923480, 2/04/2014, Rakvere, benci@gmail.com
27, Baldo Morino, +372 59320923, 12/08/2016, Tallinn, jackra@gmail.com
28, Sean Price, +372 50798112, 16/06/2017, Moskva, aaronhay@gmail.com
29, Love Lundstrom, +372 50532810, 4/12/1995, Rakvere, rogerfed@gmail.com
30, Gerasim Devin, +372 50543591, 10/03/2009, Moskva, adrianstr@gmail.com
31, Igor Krossberg, +372 53202129, 2/05/1997, Narva, yulian.sliv@gmail.com
32, Gherardo Ludovici, +372 50543571, 9/05/2016, Moskva, gherardo@gmail.com
33, Kevin Clark, +372 50234711, 15/07/2012, Viljandi, thomas@gmail.com
34, Igor Krossberg, +372 57824112, 13/04/2012, Tartu, vyachesla23@gmail.com
35, Toomas Landstop, +372 59232313, 23/10/2008, Rakvere, osakak@gmail.com
36, Kevin Clark, +372 50592309, 12/02/2015, Moskva, luishowa@gmail.com
37, Ali Bjorklund, +372 52523129, 13/04/2018, Viljandi, laco@gmail.com
38, Colin White, +372 50078312, 6/11/2003, Narva, chasec@gmail.com
39, Aron Magnusson, +372 56565032, 1/01/2013, Tallinn, jacobj@gmail.com
40, Maffeo Celestino, +372 50234711, 3/04/2005, Moskva, igor2@gmail.com
41, Igor Firework, +372 54034581, 3/05/2004, Moskva, mohammed@gmail.com
42, Kevin Wallin, +372 54034519, 12/01/2004, Rakvere, igorf@gmail.com
43, Melker Eriksson, +372 51939203, 26/07/2016, Tartu, robertk@gmail.com
44, Robert Karpin, +372 50643592, 14/03/2006, Tallinn, vasya1@gmail.com
45, Alex Watson, +372 58903425, 26/07/2016, Rakvere, theodorj@gmail.com
46, Matthew Long, +372 53049304, 25/09/2004, Narva, matveig@gmail.com
47, Jack Ramirez, +372 55324324, 16/06/2003, Viljandi, gabrieln@gmail.com
48, Ugolino Chiesa, +372 50384729, 9/07/2011, Tartu, pavelp@gmail.com
49, Ryan Walker, +372 54034519, 12/11/2006, Narva, joelmar@gmail.com
50, Theodor Goransson, +372 50435435, 4/01/2000, Rakvere, svante@gmail.com
51, Tatyana Roosileht, +372 50234810, 4/12/2020, Viljandi, valerym@gmail.com
52, Eldar CowellMan, +372 54304582, 26/03/2002, Tartu, kyleross@gmail.com
53, Daniel Axelsson, +372 54321230, 5/10/2015, Moskva, antonios@gmail.com
54, Aaron Roberts, +372 56255123, 1/12/2013, Narva, germank@gmail.com
55, Jesus Robinson, +372 56923480, 19/12/2016, Tallinn, arkadyab@gmail.com
56, William Alexander, +372 50684039, 21/06/2006, Parnu, joshuas@gmail.com
57, Alex Watson, +372 54345340, 4/12/2013, Rakvere, matveip@gmail.com
58, Jacob Griffin, +372 50231231, 10/05/2003, Narva, carters@gmail.com
59, Brian Roberts, +372 58603492, 13/04/2010, Moskva, jacobm@gmail.com
60, Vidar Hermansson, +372 53202129, 16/06/2014, Tartu, lukesand@gmail.com
61, Vladimir Antonov, +372 59039248, 3/11/2014, Moskva, timothym@gmail.com
62, Colin Perez, +372 50435348, 5/07/2016, Moskva, brainr@gmail.com
63, Elliot Lindstrom, +372 51424069, 13/04/2016, Rakvere, igorf@gmail.com
64, Theo Holm, +372 50102038, 19/11/2010, Tallinn, matthew@gmail.com
65, Jose Thompson, +372 58923923, 26/03/2002, Narva, elissvens@gmail.com
66, Xavier Wright, +372 54304534, 23/10/2008, Parnu, theoelias@gmail.com
67, Charles Gray, +372 55324324, 8/02/2014, Parnu, alex.aller@gmail.com
68, Kyle Ross, +372 50654849, 10/02/2012, Tartu, ignatr@gmail.com
69, Richard Campbell, +372 50342810, 4/12/2014, Narva, lukediaz@gmail.com
70, Baldo Morino, +372 59321237, 13/04/2011, Tallinn, jose@gmail.com
71, Uberto DeLellis, +372 50231239, 15/04/2016, Tartu, ubero@gmail.com
72, Tatyana Roosileht, +372 51939203, 1/03/2001, Moskva, corrado@gmail.com
73, Xavier Wright, +372 50231672, 24/12/2001, Narva, tatyanar@gmail.com
74, Sebastian Wallin, +372 50443545, 24/12/2010, Rakvere, maratger@gmail.com
75, Viktor Lipovkin, +372 50231237, 13/04/2012, Rakvere, igor1@gmail1.com
76, Aiden Bennett, +372 50011422, 13/04/2013, Narva, miloakes@gmail.com
77, Vasya Buuman, +372 50011234, 15/11/2000, Moskva, gherardo@gmail.com
78, Antonio Sanders, +372 59232313, 16/06/2015, Rakvere, ryanwalk@gmail.com
79, Luis Howard, +372 50345820, 4/05/2001, Narva, jacobwal@gmail.com
80, Anton Olshanin, +372 50342810, 23/10/2007, Rakvere, benjamin@gmail.com
81, Ivan Markov, +372 56969203, 4/12/2011, Tartu, gabrieln@gmail.com
82, William Price, +372 50231672, 24/12/2002, Rakvere, garrycha@gmail.com
83, Iacopo Pizzuti, +372 50532810, 2/04/2014, Parnu, sebasti2@gmail.com
84, Marat Kovalyov, +372 52312355, 16/06/2012, Rakvere, carloss@gmail.com
85, Caleb King, +372 56670293, 24/12/2012, Moskva, bryant@gmail.com
86, Colin Walker, +372 50435820, 6/11/2003, Rakvere, jacobj@gmail.com
87, Denis Rakolos, +372 50372934, 5/05/2015, Moskva, alexp@gmail.com
88, Vladimir Antonov, +372 51234325, 24/12/2012, Tartu, landon@gmail.com
89, Gabriel Nelson, +372 57324234, 13/04/2017, Moskva, williamp@gmail.com
90, Diego Green, +372 58401037, 16/06/2016, Narva, julian@gmail.com
91, Igor Vlassov, +372 54304582, 13/04/2014, Tallinn, gabrielr@gmail.com
92, Gerasim Devin, +372 58932312, 17/05/2000, Tartu, gherardo@gmail.com
93, Vidar Hermansson, +372 52311241, 17/07/2007, Tartu, chasec@gmail.com
94, Alex Watson, +372 50011112, 7/05/2010, Rakvere, matveig@gmail.com
95, Alex Powell, +372 56732125, 13/04/2011, Narva, sebastian@gmail.com
96, Zumhix Califa , +372 58021476, 23/11/2005, Tartu, alib@gmail.com
97, Alexei Zlotnikov, +372 50583045, 16/08/2004, Narva, miloakes@gmail.com
98, Anton Dahlberg, +372 50011112, 12/02/2015, Moskva, toomasl@gmail.com
99, Romolo Marinucci, +372 58946112, 24/12/2006, Tallinn, joelmar@gmail.com
100, Timothy Davis, +372 50435910, 13/04/2016, Viljandi, edwardz@gmail.com
101, Vidar Hermansson, +372 59231230, 16/06/2016, Tallinn, jesusrob@gmail.com
102, Aron Magnusson, +372 59232313, 23/10/2011, Viljandi, antono@gmail.com
103, Yulian Babin, +372 50435820, 29/04/2002, Tallinn, alin@gmail.com
104, Brandon Peterson, +372 54305439, 4/11/1999, Parnu, aronmagi@gmail.com
105, Aidan Morris, +372 54355002, 7/05/2010, Moskva, hunterc@gmail.com
106, Bencivenni Brunetti, +372 56912112, 12/05/2012, Viljandi, yulian.sliv@gmail.com
107, Theodor Goransson, +372 56969203, 2/04/2013, Parnu, igor1@gmail1.com
108, Theo Eliasson, +372 50696940, 1/01/2013, Viljandi, igorf@gmail.com
109, Jack Ramirez, +372 56765702, 12/08/2016, Narva, adrianriv@gmail.com
110, Alex Watson, +372 50011422, 14/06/2006, Tartu, alejandro2@gmail.com
111, Toomas Landstop, +372 56923480, 16/07/2002, Narva, adrianjo@gmail.com
112, Garry Shostakin, +372 50673261, 23/10/2010, Rakvere, juliantor@gmail.com
113, Yulian Babin, +372 50088324, 13/04/2012, Tartu, luishowa@gmail.com
114, Mino Vial, +372 52311241, 4/12/2003, Tartu, corrado@gmail.com
115, James Peterson, +372 56546450, 24/12/2007, Rakvere, aidenb@gmail.com
116, Albert Romanin, +372 50493920, 14/09/2001, Tartu, jacobj@gmail.com
117, Jesus Gonzales, +372 57824112, 26/07/2016, Parnu, justinwal@gmail.com
118, Robert Karpin, +372 56732125, 4/12/2015, Moskva, leonha@gmail.com
119, Alex Watson, +372 54534500, 13/04/2017, Tartu, adrianriv@gmail.com
120, Kyle Ross, +372 50435820, 3/04/2005, Tallinn, colinwall@gmail.com
121, Corrado Damiani, +372 52145123, 2/04/2013, Rakvere, melktereri@gmail.com
122, Julian Johnsson, +372 59672930, 5/06/2007, Tallinn, garrycha@gmail.com
123, Aaron Roberts, +372 58603492, 2/10/2002, Tartu, brandonp@gmail.com
124, Valery Morozov, +372 54353020, 3/04/2003, Narva, brainr@gmail.com
125, Sam Sandstrom, +372 50538402, 23/10/2016, Narva, andrewc@gmail.com
126, Noah Flores, +372 55923110, 5/07/2016, Narva, oscarp@gmail.com
127, Vyacheslav Krasin, +372 58923923, 21/06/2006, Tartu, piero@gmail.com
128, Antonio Sanders, +372 59234802, 9/09/2002, Parnu, alib@gmail.com
129, Christian Powell, +372 50088324, 30/07/2011, Narva, ethanbail@gmail.com
130, Austin Garcia, +372 50553249, 12/05/2004, Tallinn, julian@gmail.com
131, Jacob Walker, +372 54304582, 16/06/2016, Moskva, arseny@gmail.com
132, Justin Wright, +372 58923923, 24/12/2011, Moskva, valerym@gmail.com
133, Jacob Jansson, +372 50586302, 1/12/2013, Tallinn, jamespet@gmail.com
134, Eldar CowellMan, +372 51939203, 12/11/2006, Parnu, aronmagi@gmail.com
135, Yulian Babin, +372 59672930, 25/04/2013, Tartu, aronmagi@gmail.com
136, Sebastian Pettersson, +372 56565032, 16/06/2016, Tartu, zumhixc@gmail.com
137, Colin White, +372 56023402, 13/04/2007, Moskva, joseth@gmail.com
138, Melker Eriksson, +372 50594358, 12/01/2004, Tallinn, aaronrob@gmail.com
139, Vyacheslav Krasin, +372 54534500, 31/12/1999, Tartu, guido@gmail.com
140, Matthew Coleman, +372 50011565, 6/11/2003, Parnu, jose@gmail.com
141, Carlos Sanders, +372 50354280, 13/04/2011, Tartu, toomas1@gmail.com
142, Brandon Peterson, +372 50739273, 26/07/2016, Parnu, melktereri@gmail.com
143, Sean Wood, +372 50765412, 16/06/2012, Narva, joseth@gmail.com
144, William Alexander, +372 58401037, 4/12/2003, Narva, elliot@gmail.com
145, Sebastian Roberts, +372 50435910, 13/04/2012, Tallinn, garrycha@gmail.com
146, Nikolay Dubov, +372 50654849, 9/07/2011, Tallinn, matthew2@gmail.com
147, Garry Shostakin, +372 51939203, 16/06/2013, Tallinn, brandons@gmail.com
148, Baldo Morino, +372 50453820, 3/04/2003, Narva, matveip@gmail.com
149, Oscar Pettersson, +372 50435910, 23/10/2010, Rakvere, toomasl@gmail.com
150, Bruno Venanzi, +372 59234802, 19/12/2005, Moskva, juliantor@gmail.com
151, Grazia Ruggirello, +372 50594358, 24/12/2014, Moskva, alejandro@gmail.com
152, Vasya Vesipomm, +372 54305453, 16/06/2003, Tallinn, jacobwal@gmail.com
153, Peter Chaplin, +372 58583221, 7/05/2010, Tallinn, frankarvi@gmail.com
154, Garry Shostakin, +372 50673923, 16/06/2014, Moskva, christian@gmail.com
155, Luke Sanders, +372 52341233, 9/09/2002, Narva, theoelias@gmail.com
156, Garry Chaplin, +372 53234010, 2/04/2013, Rakvere, theohol@gmail.com
157, Roberto Arcuri, +372 57324234, 19/12/2005, Tallinn, alejandro2@gmail.com
158, Marat Genriv, +372 50011112, 19/12/2005, Viljandi, justinwal@gmail.com
159, James Peterson, +372 51203232, 24/12/2007, Moskva, landon@gmail.com
160, Viktor Lipovkin, +372 50342809, 13/04/2018, Parnu, corrado@gmail.com
161, Timothy Davis, +372 50011422, 24/12/2014, Moskva, robertk@gmail.com
162, Gino Maiorana, +372 55522312, 24/12/2013, Tallinn, maratger@gmail.com
163, Matthew Long, +372 56072346, 14/09/2001, Rakvere, christian@gmail.com
164, Ricco Cifaldi, +372 50231239, 20/12/2002, Narva, pavelp@gmail.com
165, Aaron Hayes, +372 50553249, 4/12/2011, Tallinn, leonha@gmail.com
166, Vasya Buuman, +372 56565032, 5/07/2014, Narva, elliot@gmail.com
167, Blake Brooks, +372 50384729, 13/04/2010, Viljandi, vitalyg@gmail.com
168, Aidan Mitchell, +372 59232312, 4/03/2003, Rakvere, ethantho@gmail.com
169, Gerasim Devin, +372 50093452, 20/12/2002, Tartu, jacobm@gmail.com
170, Love Lundstrom, +372 50798112, 24/12/2003, Parnu, timothyh@gmail.com
171, Joshua Hall, +372 56234201, 12/11/2006, Tallinn, jackra@gmail.com
172, Colin White, +372 59231230, 26/07/2016, Narva, osakak@gmail.com
173, Bencivenni Brunetti, +372 50231672, 16/06/2014, Tartu, nathanri@gmail.com
174, Alexei Zlotnikov, +372 50231231, 4/12/2025, Viljandi, toomas1@gmail.com
175, Xavier Wright, +372 50358202, 22/12/2005, Rakvere, ubero@gmail.com
176, Garry Chaplin, +372 56940347, 13/04/2013, Tartu, osakak@gmail.com
177, Theodor Jakobsson, +372 57324234, 10/05/2003, Moskva, aidanm@gmail.com
178, Matthew Long, +372 50011234, 27/01/2005, Narva, ubero@gmail.com
179, Alex Allen, +372 50358202, 10/03/2009, Tallinn, colinp@gmail.com
180, Grazia Ruggirello, +372 58923923, 2/10/2009, Tallinn, osakak@gmail.com
181, Gabriel Nelson, +372 54358238, 28/12/2000, Tartu, alejandro@gmail.com
182, Maxim Adamovin, +372 50281057, 5/05/2012, Tartu, melktereri@gmail.com
183, Corrado Damiani, +372 55923110, 20/12/2016, Tartu, jesusg@gmail.com
184, Markus Frieberg, +372 52230190, 23/10/2011, Rakvere, toomas1@gmail.com
185, Luke Diaz, +372 50528304, 23/10/2015, Narva, abrampo@gmail.com
186, Colin Walker, +372 55050329, 12/01/2004, Moskva, benci@gmail.com
187, Baldo Morino, +372 50532810, 4/12/2020, Tallinn, mohammed@gmail.com
188, Edward Zootamm, +372 56234201, 23/10/2011, Rakvere, jamespet@gmail.com
189, Aidan Morris, +372 50643592, 23/10/2013, Tartu, mino@gmail.com
190, Maxim Adamovin, +372 56765702, 13/04/2013, Tartu, ethantho@gmail.com
191, Julian Lundgren, +372 59591122, 31/01/2000, Moskva, aidansm@gmail.com
192, Sebastian Wallin, +372 54355002, 4/11/1999, Moskva, robertoa@gmail.com
193, Jacob Jansson, +372 50493034, 16/07/2002, Tartu, benjamin22@gmail.com
194, Timothy Harris, +372 50234711, 13/04/2010, Tartu, robertk@gmail.com
195, Ivan Markov, +372 59039248, 16/07/2002, Narva, theodor@gmail.com
196, Xavier Wright, +372 59232312, 5/05/1994, Rakvere, simone@gmail.com
197, Albert Romanin, +372 59672930, 31/05/2015, Rakvere, bryant@gmail.com
198, Adamo Artino, +372 54353020, 4/12/2020, Moskva, theoelias@gmail.com
199, Kevin Clark, +372 59232312, 20/11/2012, Narva, julian@gmail.com
200, Arkady Abramov, +372 50493034, 31/12/1999, Moskva, luishowa@gmail.com
201, Jose Jenkins, +372 53234010, 9/07/2011, Narva, alin@gmail.com
202, Pavel Poleskin, +372 56670293, 4/12/2002, Tartu, charlesg@gmail.com
203, Vasya Buuman, +372 59591122, 12/04/2006, Moskva, antond@gmail.com
204, Roberto Arcuri, +372 54305453, 24/12/2010, Tartu, daniela@gmail.com
205, Brian Rogers, +372 59222311, 23/10/2011, Moskva, yulian.sliv@gmail.com
206, Piero DeMarchi, +372 55023981, 3/08/2002, Moskva, zumhixc@gmail.com
207, Alex Powell, +372 50435101, 12/04/2006, Tartu, williama@gmail.com
208, Diego Green, +372 58932312, 23/10/2011, Viljandi, vitalyg@gmail.com
209, Timothy Davis, +372 59231230, 2/04/2013, Tartu, lovesund@gmail.com
210, Artur Arturovich, +372 50696940, 2/04/2013, Tallinn, alib@gmail.com
211, Christopher Bennett, +372 58946112, 6/12/2009, Narva, vitalyrak@gmail.com
212, Vasya Buuman, +372 50538402, 1/02/2002, Narva, piero@gmail.com
213, Colin Perez, +372 50011234, 15/07/2012, Narva, romolo@gmail.com
214, Carlos Sanders, +372 56670293, 12/05/2004, Tallinn, josebutle@gmail.com
215, Valery Morozov, +372 50022345, 24/12/2004, Tallinn, brandonp@gmail.com
216, Kevin Clark, +372 50345810, 20/11/2012, Tartu, yulian.sliv@gmail.com
217, Colin White, +372 58932312, 4/12/2003, Narva, alin@gmail.com
218, Ricco Cifaldi, +372 56255123, 24/12/2012, Narva, seanprice@gmail.com
219, Kevin Wallin, +372 50435491, 6/05/2001, Viljandi, arkadyab@gmail.com
220, Marat Kovalyov, +372 53203483, 5/06/2007, Parnu, blakeb@gmail.com
221, Igor Krossberg, +372 50435459, 5/05/2012, Tallinn, vitalyg@gmail.com
222, Markus Frieberg, +372 57891218, 24/12/2007, Moskva, yulian.sliv@gmail.com
223, Ryan Walker, +372 54355002, 21/03/2000, Tartu, svante@gmail.com
224, Danil Zutin, +372 58903425, 14/09/2001, Narva, markusfr@gmail.com
225, Denis Rakolos, +372 50453820, 6/05/2001, Tartu, antonios@gmail.com
226, Vladimir Antonov, +372 59603042, 13/07/2007, Tallinn, maratger@gmail.com
227, Jacob Jansson, +372 50372045, 5/07/2016, Moskva, chasec@gmail.com
228, Vitaly Rakowskin, +372 59302040, 19/12/2016, Moskva, sebastianbb@gmail.com
229, Ivan Markov, +372 50435910, 23/10/2014, Tartu, grazia@gmail.com
230, Piero DeMarchi, +372 59354723, 16/06/2015, Narva, ivanmark@gmail.com
231, Ricco Cifaldi, +372 54345340, 27/06/2015, Tallinn, jacobg@gmail.com
232, Markus Frieberg, +372 50432590, 16/07/2002, Narva, joshuaha@gmail.com
233, Jose Jenkins, +372 54355002, 22/03/2010, Tartu, mohammed@gmail.com
234, Jeremiah Rodriguez, +372 50505438, 29/04/2002, Narva, justinwri@gmail.com
235, Aidan Smith, +372 55050329, 10/10/2016, Narva, joshuaha@gmail.com
236, Julian Johnsson, +372 50435459, 16/06/2013, Parnu, abrampo@gmail.com
237, Ian Hernandez, +372 50093452, 1/01/2013, Viljandi, theohol@gmail.com
238, Jonathan Wilson, +372 59023214, 12/08/2016, Parnu, jackra@gmail.com
239, Justin Walker, +372 50345810, 17/05/2000, Moskva, colej@gmail.com
240, Jonathan Griffin, +372 59302030, 29/04/2002, Narva, jesusrob@gmail.com
241, Carter Smith, +372 50592309, 12/06/2005, Moskva, albertr@gmail.com
242, Matthew Long, +372 57294492, 25/04/2013, Tartu, aidanmit@gmail.com
243, Sebastian Wallin, +372 52323012, 17/07/2007, Rakvere, ugolino@gmail.com
244, Sebastian Pettersson, +372 59023214, 16/09/2005, Moskva, ethantho@gmail.com
245, Jose Butler, +372 50682348, 3/06/2006, Viljandi, marinafed@gmail.com
246, Theodor Goransson, +372 56070408, 2/10/2002, Narva, laco@gmail.com
247, Robert Karpin, +372 50011234, 15/09/2010, Narva, alejandro@gmail.com
248, Svante Sandberg, +372 50435101, 24/12/2003, Rakvere, colinwall@gmail.com
249, Brian Rogers, +372 50011622, 14/09/2001, Moskva, ignatr@gmail.com
250, Aron Magnusson, +372 50443545, 22/01/2015, Tartu, jeremiah@gmail.com
251, Antonio Sanders, +372 50372045, 15/11/2000, Moskva, arturs@gmail.com
252, Yulian Babin, +372 50435910, 16/06/2014, Narva, alexwats@gmail.com
253, Jose Thompson, +372 50372045, 10/03/2009, Narva, xavierwr@gmail.com
254, Daniel Axelsson, +372 50673923, 22/12/2005, Viljandi, christoph@gmail.com
255, Jason Collins, +372 50654849, 24/12/2012, Tartu, matveig@gmail.com
256, Chase Cook, +372 54355002, 11/11/2011, Rakvere, jesusg@gmail.com
257, Oscar Pettersson, +372 50358202, 3/04/2003, Moskva, alex.aller@gmail.com
258, Justin Walker, +372 59231321, 6/01/2002, Rakvere, arseny@gmail.com
259, Jonathan Wilson, +372 52341233, 13/06/2009, Moskva, corrado@gmail.com
260, Nathan Richardson, +372 50088324, 13/04/2007, Moskva, williamw@gmail.com
261, Tatyana Roosileht, +372 50374285, 5/06/2007, Rakvere, guido@gmail.com
262, Osaka Kimwoo, +372 55234920, 16/06/2016, Rakvere, justinwal@gmail.com
263, Viktor Lipovkin, +372 50435348, 4/03/2003, Parnu, juliantor@gmail.com
264, Alex Allen, +372 52349233, 16/09/2005, Moskva, frankarvi@gmail.com
265, Jesus Gonzales, +372 53023423, 24/12/2001, Narva, benci@gmail.com
266, Matvei Petrow, +372 50011622, 24/12/2011, Viljandi, kevinwal@gmail.com
267, Vitaly Rakowskin, +372 58603492, 24/12/2010, Narva, gerasimd@gmail.com
268, Matvei Petrow, +372 50537693, 17/05/2000, Moskva, brain.rob@gmail.com
269, Nathaniel Hernandez, +372 50583450, 7/06/2000, Tartu, christian@gmail.com
270, Yulian Babin, +372 54304534, 20/12/2016, Narva, juliantor@gmail.com
271, Alex Watson, +372 50234711, 20/11/2012, Narva, gavinrod@gmail.com
272, Loke Nyman, +372 57294492, 9/04/2000, Rakvere, antond@gmail.com
273, Marat Kovalyov, +372 50383204, 24/12/2001, Moskva, matthew2@gmail.com
274, Vidar Hermansson, +372 54534500, 24/12/2005, Narva, colinwall@gmail.com
275, Yulian Babin, +372 58946112, 22/03/2010, Tallinn, diegogre@gmail.com
276, Matthew Coleman, +372 50654823, 3/05/2004, Rakvere, aidanm@gmail.com
277, Ethan Thompson, +372 50568930, 20/11/2012, Tallinn, ianherna@gmail.com
278, Diego Green, +372 53420439, 2/05/1997, Rakvere, seanwoo@gmail.com
279, Aiden Bennett, +372 50432590, 23/10/2014, Tallinn, valerym@gmail.com
280, Vitaly Glinov, +372 51234325, 27/01/2005, Rakvere, maratkov@gmail.com
281, Ethan Thompson, +372 50432453, 24/12/2007, Tartu, elissvens@gmail.com
282, Cole Johnson, +372 58603492, 5/10/2015, Tallinn, markr@gmail.com
283, Edward Zootamm, +372 59382312, 15/09/2010, Tallinn, adrianriv@gmail.com
284, Grazia Ruggirello, +372 50372934, 29/06/2006, Tallinn, corrado@gmail.com
285, Baldo Morino, +372 50453501, 4/12/2016, Tartu, vitalyg@gmail.com
286, Jose Butler, +372 50283957, 23/10/2011, Tartu, richardc@gmail.com
287, Melker Eriksson, +372 54534500, 5/07/2016, Tartu, harrynys@gmail.com
288, Albert Romanin, +372 50022345, 4/06/2002, Moskva, charlesg@gmail.com
289, Sebastian Wallin, +372 50234711, 23/10/2017, Moskva, jesusg@gmail.com
290, Aidan Morris, +372 52145123, 23/10/2017, Moskva, roberttu@gmail.com
291, Gabriel Nelson, +372 59023214, 23/10/2011, Tartu, roberttu@gmail.com
292, Iacopo Pizzuti, +372 54355002, 5/04/2002, Moskva, robertm@gmail.com
293, Artur Arturovich, +372 53203483, 4/12/2018, Rakvere, carters@gmail.com
294, Noah Flores, +372 50018934, 5/05/2015, Tartu, aidenb@gmail.com
295, Jacob Jansson, +372 56072346, 3/09/2000, Viljandi, edwardz@gmail.com
296, Timothy Davis, +372 50011422, 10/05/2003, Narva, benjamin22@gmail.com
297, Guido Giarratana, +372 53203483, 24/12/2003, Narva, adamo@gmail.com
298, Timothy Harris, +372 50443545, 9/04/2000, Narva, piero@gmail.com
299, Jesus Robinson, +372 52312308, 24/12/2010, Viljandi, noahf@gmail.com
300, Brandon Stewart, +372 59231230, 10/10/2016, Tallinn, toomas1@gmail.com
301, Vladimir Antonov, +372 56072346, 13/04/2013, Moskva, oscarp@gmail.com
302, Gavin Rodriguez, +372 50384628, 23/10/2007, Tartu, zumhixc@gmail.com
303, Toomas Buuman, +372 58021476, 29/10/2011, Narva, gavinrod@gmail.com
304, Ali Bjorklund, +372 52123223, 16/08/2004, Moskva, elliot@gmail.com
305, Alejandro Sanders, +372 50231672, 17/05/2000, Parnu, samuelb@gmail.com
306, Caleb King, +372 50231231, 12/12/2000, Moskva, jose@gmail.com
307, Baldo Morino, +372 52323012, 23/10/2007, Tartu, gerasimd@gmail.com
308, Ignat Rudnitskin, +372 50293048, 9/03/2015, Tartu, kyleross@gmail.com
309, William Price, +372 50654849, 5/04/2002, Rakvere, loken@gmail.com
310, Simone Santini, +372 50505438, 23/10/2011, Parnu, aaronhay@gmail.com
311, Denis Rakolos, +372 52312355, 4/03/2003, Moskva, julian@gmail.com
312, Romolo Marinucci, +372 52523129, 16/06/2015, Rakvere, alexwats@gmail.com
313, Andrew Cook, +372 54303540, 29/07/2017, Tallinn, joshuas@gmail.com
314, Theodor Jakobsson, +372 50592309, 12/06/2005, Parnu, daniela@gmail.com
315, Robert Turchin, +372 56765702, 23/11/2009, Rakvere, christoph@gmail.com
316, Ignat Rudnitskin, +372 56732125, 23/10/2015, Rakvere, theodorj@gmail.com
317, Colin White, +372 50383204, 24/12/2015, Narva, williama@gmail.com
318, Aaron Roberts, +372 59672930, 4/12/2018, Narva, colinw@gmail.com
319, Aidan Mitchell, +372 58965612, 25/07/2016, Parnu, elissvens@gmail.com
320, Vladimir Antonov, +372 50682348, 30/11/2002, Tartu, toomas1@gmail.com
321, Vitaly Rakowskin, +372 50374285, 17/05/2000, Rakvere, theohol@gmail.com
322, Timothy Mitchell, +372 50354280, 20/12/2002, Narva, tatyanar@gmail.com
323, Ivan Markov, +372 50353480, 4/12/2014, Moskva, antono@gmail.com
324, Vasya Buuman, +372 50543571, 4/12/1994, Moskva, mohammed@gmail.com
325, Jason Collins, +372 56234201, 27/01/2005, Narva, diegogre@gmail.com
326, Peter Chaplin, +372 50384628, 5/06/2007, Narva, timothyd@gmail.com
327, Theo Holm, +372 50698112, 15/09/2010, Tallinn, julian@gmail.com
328, Jesus Robinson, +372 52523129, 16/06/2014, Parnu, matveig@gmail.com
329, Marat Genriv, +372 51203232, 9/04/2000, Tartu, lukediaz@gmail.com
330, Bryan Torres, +372 59202021, 16/06/2012, Tallinn, samuelb@gmail.com
331, Bryan Torres, +372 53023423, 24/12/2011, Rakvere, christian@gmail.com
332, Abram Polanin, +372 50583450, 25/04/2013, Tartu, osakak@gmail.com
333, Jack Ramirez, +372 52323012, 24/12/2014, Moskva, matthew@gmail.com
334, Vadim Chaplin, +372 53420439, 1/12/2013, Narva, garrycha@gmail.com
335, Theodor Jakobsson, +372 58946112, 13/04/2018, Rakvere, pavelp@gmail.com
336, Garry Chaplin, +372 59354723, 29/04/2002, Tallinn, hunterc@gmail.com
337, Austin Garcia, +372 54345340, 23/12/1996, Moskva, seanprice@gmail.com
338, Brandon Peterson, +372 51424069, 16/06/2013, Viljandi, joshuas@gmail.com
339, Luis Howard, +372 50329402, 19/11/2010, Tartu, dmitriyl@gmail.com
340, Anton Olshanin, +372 50281057, 12/02/2015, Tartu, grazia@gmail.com
341, German Karpin, +372 59231230, 13/04/2018, Moskva, piero@gmail.com
342, Jacob Jansson, +372 50354280, 13/04/2014, Narva, vidarh@gmail.com
343, Igor Vlassov, +372 55522312, 13/04/2013, Moskva, yulian.sliv@gmail.com
344, Jose Thompson, +372 52123223, 14/09/2001, Moskva, igor2@gmail.com
345, Diego Green, +372 57824112, 22/03/2010, Viljandi, christoph@gmail.com
346, Igor Vlassov, +372 50435435, 13/04/2012, Viljandi, benci@gmail.com
347, Chase Cook, +372 50684039, 24/12/2010, Parnu, rogerfed@gmail.com
348, Marko Polo, +372 50345923, 13/04/2016, Viljandi, robertm@gmail.com
349, Igor Krossberg, +372 58923923, 12/06/2005, Tallinn, zumhixc@gmail.com
350, Alexei Zlotnikov, +372 50345810, 23/11/2009, Rakvere, noahf@gmail.com
351, Luis Howard, +372 50435459, 24/06/2013, Moskva, carloss@gmail.com
352, Mia Ranovich, +372 59023214, 23/10/2013, Narva, maffeoce@gmail.com
353, Joel Martensson, +372 50453501, 4/11/1999, Narva, jacobg@gmail.com
354, Arseny Savin, +372 59202021, 4/01/2000, Narva, landon@gmail.com
355, Pavel Poleskin, +372 56255123, 3/05/2007, Moskva, artur@gmail1.com
356, Yulian Babin, +372 56969203, 4/12/2013, Viljandi, vitalyrak@gmail.com
357, Matvei Petrow, +372 52311241, 13/06/2009, Tallinn, gavinrod@gmail.com
358, Diego Green, +372 59354723, 2/01/1998, Tartu, bruno@gmail.com
359, William Wallin, +372 50372315, 16/06/2020, Tartu, theodor@gmail.com
360, Robert Moore, +372 54034583, 12/05/2012, Tallinn, colinp@gmail.com
361, Viktor Lipovkin, +372 58903425, 23/10/2011, Tartu, denisrak@gmail.com
362, Antonio Sanders, +372 59232312, 13/04/2012, Tartu, oscarp@gmail.com
363, Piero DeMarchi, +372 50739273, 13/03/2002, Moskva, theodor@gmail.com
364, Richard Campbell, +372 58946112, 4/12/2016, Narva, frankarvi@gmail.com
365, Denis Rakolos, +372 54355002, 16/06/2012, Moskva, melkerarvi@gmail.com
366, Julian Johnsson, +372 52341235, 9/05/2016, Tartu, landon@gmail.com
367, Timothy Davis, +372 54358238, 13/04/2016, Tartu, adamo@gmail.com
368, Loke Nyman, +372 52323012, 16/06/2016, Rakvere, rogerfed@gmail.com
369, Brian Roberts, +372 50372315, 10/02/2012, Tallinn, danilzut@gmail.com
370, Nikolay Dubov, +372 50654823, 1/03/2001, Narva, aidanmit@gmail.com
371, Baldo Morino, +372 50384729, 12/05/2004, Moskva, jacobwal@gmail.com
372, Igor Krossberg, +372 59231321, 2/01/1998, Moskva, gabrieln@gmail.com
373, Chimenti Marcello, +372 50345348, 13/03/2002, Rakvere, brainr@gmail.com
374, Jason Collins, +372 56912112, 5/05/1999, Viljandi, sebasti2@gmail.com
375, Vasya Buuman, +372 56234201, 2/04/2013, Tartu, williama@gmail.com
376, Justin Walker, +372 50345810, 7/06/2000, Parnu, denisrak@gmail.com
377, Joel Martensson, +372 50345810, 6/11/2003, Viljandi, carloss@gmail.com
378, Timothy Harris, +372 50342809, 25/07/2016, Rakvere, chimenti@gmail.com
379, Nathan Richardson, +372 50374285, 6/01/2002, Rakvere, miar@gmail.com
380, Noah Flores, +372 50583450, 20/11/2012, Tartu, aidansm@gmail.com
381, Mino Vial, +372 50505438, 5/07/2016, Tallinn, ryanwalk@gmail.com
382, Nathaniel Hernandez, +372 50435910, 23/10/2014, Tallinn, harrynys@gmail.com
383, Sebastian Roberts, +372 50039221, 7/06/2000, Tartu, yulian.sliv@gmail.com
384, Alejandro Sanders, +372 58401037, 24/12/2012, Narva, vyachesla23@gmail.com
385, Jonathan Griffin, +372 50586302, 12/08/2016, Narva, carloss@gmail.com
386, William Alexander, +372 55093029, 13/04/2018, Moskva, hunterc@gmail.com
387, Elis Svensson, +372 56546450, 16/08/2004, Tartu, pavelp@gmail.com
388, Theodor Jakobsson, +372 50383204, 24/12/2002, Parnu, timothym@gmail.com
389, Gabriel Russell, +372 59234802, 23/10/2011, Moskva, samuelb@gmail.com
390, Julian Torres, +372 56765702, 29/04/2002, Tallinn, samsand@gmail.com
391, Sam Sandstrom, +372 50353480, 4/11/1999, Parnu, ugolino@gmail.com
392, Elis Svensson, +372 55522312, 2/01/1998, Tallinn, chimenti@gmail.com
393, Maffeo Celestino, +372 50545073, 5/05/1994, Tartu, gino@gmail.com
394, Elliot Lindstrom, +372 52311241, 10/05/2003, Tartu, frankarvi@gmail.com
395, Alexei Zlotnikov, +372 50345348, 24/06/2013, Narva, luishowa@gmail.com
396, Bryan Torres, +372 50682348, 23/10/2008, Tartu, baldo@gmail.com
397, Adrian Jonsson, +372 50022345, 24/12/2014, Viljandi, joseth@gmail.com
398, Richard Campbell, +372 50435910, 5/10/2015, Rakvere, aidanm@gmail.com
399, Brian Roberts, +372 54534500, 23/10/2008, Narva, brain.rob@gmail.com
400, Diego Green, +372 59039248, 5/07/2016, Viljandi, toomasl@gmail.com
401, Arseny Savin, +372 55001299, 5/05/2015, Viljandi, petercha@gmail.com
402, Vadim Chaplin, +372 52230190, 6/01/2002, Narva, melkerarvi@gmail.com
403, Vyacheslav Tunick, +372 50383204, 12/08/2016, Tartu, antono@gmail.com
404, Kyle Ross, +372 50435348, 29/06/2006, Tallinn, garrycha@gmail.com
405, Artur Slivkin, +372 51424069, 13/04/2012, Tartu, williama@gmail.com
406, Corrado Damiani, +372 50342332, 14/06/2006, Tartu, gherardo@gmail.com
407, Jose Butler, +372 50354280, 5/05/2015, Moskva, adrianriv@gmail.com
408, Thomas Thomas, +372 50673923, 20/02/2016, Tartu, neoer@gmail.com
409, Valery Morozov, +372 52523129, 10/05/2003, Parnu, abrampo@gmail.com
410, Matvei Genriv, +372 50102038, 10/03/2009, Narva, simone@gmail.com
411, Valery Morozov, +372 54345340, 23/10/2008, Tartu, guido@gmail.com
412, Jose Jenkins, +372 50234810, 29/04/2002, Moskva, yulianbab@gmail.com
413, Leon Hakansson, +372 50435391, 24/12/2001, Tallinn, colinwall@gmail.com
414, Osaka Kimwoo, +372 50643592, 1/01/2013, Moskva, ubero@gmail.com
415, Gavin Rodriguez, +372 53294820, 29/10/2011, Narva, toomas1@gmail.com
416, Jacob Morris, +372 50643592, 6/02/2002, Tallinn, jesusg@gmail.com
417, Danil Zutin, +372 56940347, 23/10/2009, Tallinn, nathaniel@gmail.com
418, Mark Rusakov, +372 58021476, 14/03/2006, Tartu, benjamin22@gmail.com
419, Vadim Chaplin, +372 52312355, 23/10/2011, Narva, ubero@gmail.com
420, Jeremiah Rodriguez, +372 50528304, 13/03/2002, Viljandi, ethanbail@gmail.com
421, Jose Thompson, +372 55522312, 23/10/2010, Moskva, aaronrob@gmail.com
422, Zumhix Califa , +372 56670293, 4/12/2016, Moskva, theohol@gmail.com
423, Joshua Hall, +372 56070408, 2/04/2014, Tartu, maratger@gmail.com
424, Garry Chaplin, +372 52323012, 13/02/2005, Tartu, jesusg@gmail.com
425, Timothy Mitchell, +372 52123223, 15/11/2000, Viljandi, seanwoo@gmail.com
426, Nathaniel Hernandez, +372 50583450, 5/06/2007, Narva, carloss@gmail.com
427, Marko Polo, +372 54305453, 28/12/2000, Moskva, williamw@gmail.com
428, Adrian Stromberg, +372 50319242, 13/04/2011, Tartu, noahf@gmail.com
429, Arkady Abramov, +372 50435459, 24/12/2003, Tallinn, alejandro2@gmail.com
430, Yulian Babin, +372 54305453, 25/04/2013, Tartu, brainr@gmail.com
431, Vyacheslav Tunick, +372 51939203, 23/10/2014, Tallinn, carters@gmail.com
432, Harry Nystrom, +372 50586302, 24/12/2006, Rakvere, vasyab@gmail.com
433, Aaron Hayes, +372 50231231, 16/06/2012, Viljandi, petercha@gmail.com
434, Vyacheslav Tunick, +372 56940347, 13/04/2011, Moskva, neoer@gmail.com
435, Ian Hernandez, +372 58401037, 11/05/2003, Rakvere, gavinrod@gmail.com
436, Toomas Buuman, +372 57932123, 14/09/2001, Tartu, abrampo@gmail.com
437, Jacob Morris, +372 56234201, 4/01/2000, Tartu, sebasti2@gmail.com
438, Mohamed Jonsson, +372 52341233, 31/01/2000, Moskva, guido@gmail.com
439, Ethan Bailey, +372 50011565, 3/05/2007, Tartu, alib@gmail.com
440, Landon Hughes, +372 50093452, 30/06/2000, Narva, samuelb@gmail.com
441, Caleb King, +372 50654849, 6/06/2003, Moskva, aronmagi@gmail.com
442, Milo Akesson, +372 54358238, 23/10/2007, Narva, xavierwr@gmail.com
443, Mia Ranovich, +372 58946112, 23/10/2013, Moskva, jacobj@gmail.com
444, Joshua Hall, +372 50234810, 4/12/2016, Narva, loken@gmail.com
445, Peter Chaplin, +372 54355002, 4/12/2014, Parnu, nathaniel@gmail.com
446, Timothy Davis, +372 59039248, 14/06/2006, Tartu, tatyanar@gmail.com
447, Richard Campbell, +372 59039248, 6/11/2003, Rakvere, matveip@gmail.com
448, Diego Green, +372 50435391, 29/04/2002, Tartu, toomas1@gmail.com
449, Chase Cook, +372 54345342, 13/07/2007, Tartu, theodorj@gmail.com
450, Jacob Morris, +372 50435348, 6/06/2003, Tartu, nathanri@gmail.com
451, Igor Krossberg, +372 50583045, 13/04/2013, Narva, matveip@gmail.com
452, Kevin Hayes, +372 51234325, 26/07/2016, Moskva, charlesg@gmail.com
453, Garry Shostakin, +372 59234802, 13/07/2007, Narva, romolo@gmail.com
454, Alejandro Sanders, +372 50643592, 20/11/2012, Narva, aaronhay@gmail.com
455, Harry Nystrom, +372 54304582, 20/12/2002, Rakvere, nathaniel@gmail.com
456, Osaka Kimwoo, +372 50453820, 6/12/2009, Narva, edwardz@gmail.com
457, Adrian Stromberg, +372 56765702, 1/03/2001, Rakvere, vasya1@gmail.com
458, Charles Gray, +372 50018934, 4/12/2003, Parnu, sebasti2@gmail.com
459, Alejandro Sanders, +372 59302030, 7/05/2010, Narva, piero@gmail.com
460, Tatyana Roosileht, +372 50435435, 10/10/2016, Narva, aidanmit@gmail.com
461, Carlos Sanders, +372 53202129, 9/03/2015, Rakvere, landon@gmail.com
462, Nathaniel Hernandez, +372 50682348, 3/08/2002, Moskva, toomasl@gmail.com
463, Gherardo Ludovici, +372 50673261, 9/09/2011, Tartu, colinwall@gmail.com
464, Denis Rakolos, +372 53023423, 3/08/2002, Narva, samsand@gmail.com
465, Artur Arturovich, +372 50586302, 10/02/2012, Tartu, adamo@gmail.com
466, German Karpin, +372 58302341, 27/06/2015, Narva, aidenb@gmail.com
467, Robert Moore, +372 58021476, 10/02/2012, Parnu, justinwri@gmail.com
468, Svante Sandberg, +372 52022000, 27/06/2015, Tallinn, melkerarvi@gmail.com
469, Brandon Stewart, +372 57932123, 5/02/2015, Rakvere, ubero@gmail.com
470, Milo Akesson, +372 50435491, 4/12/2018, Moskva, adrianstr@gmail.com
471, William Alexander, +372 54034519, 2/05/1997, Rakvere, aidanmit@gmail.com
472, Grazia Ruggirello, +372 56912112, 6/06/2003, Narva, seanprice@gmail.com
473, Sam Sandstrom, +372 53450028, 6/02/2002, Rakvere, jamespet@gmail.com
474, Matthew Coleman, +372 52354048, 24/12/2013, Moskva, roberttu@gmail.com
475, Jason Collins, +372 58932312, 1/03/2001, Narva, sebastian@gmail.com
476, Chimenti Marcello, +372 57891218, 5/10/2015, Moskva, alexeiz@gmail.com
477, Theo Eliasson, +372 59222311, 14/03/2006, Parnu, elissvens@gmail.com
478, Svante Sandberg, +372 50435101, 19/11/2010, Tartu, timothyd@gmail.com
479, Guido Giarratana, +372 50283957, 24/12/2010, Parnu, grazia@gmail.com
480, Landon Hughes, +372 50319242, 29/04/2002, Viljandi, jackra@gmail.com
481, Matthew Coleman, +372 54034581, 31/12/1999, Tartu, aidenb@gmail.com
482, Colin Walker, +372 50568930, 4/03/2003, Moskva, colinp@gmail.com
483, Colin Walker, +372 54305439, 9/07/2011, Narva, ianherna@gmail.com
484, Simone Santini, +372 50374285, 16/03/2003, Rakvere, benjamin22@gmail.com
485, Ethan Bailey, +372 50435101, 5/07/2016, Parnu, mohammed@gmail.com
486, Gerasim Devin, +372 50443545, 1/01/2013, Moskva, garrycha@gmail.com
487, Alex Watson, +372 54534500, 12/04/2006, Narva, melkerarvi@gmail.com
488, Kevin Wallin, +372 50696940, 13/03/2002, Moskva, christian@gmail.com
489, Vasya Buuman, +372 56969203, 16/06/2003, Narva, noahf@gmail.com
490, Cole Johnson, +372 50078312, 6/11/2003, Moskva, toomasl@gmail.com
491, Jeremiah Rodriguez, +372 55324324, 13/04/2014, Viljandi, artur@gmail1.com
492, Robert Moore, +372 50372942, 13/04/2012, Viljandi, edwardz@gmail.com
493, Dmitry Lukin, +372 59591122, 2/05/1997, Tartu, pavelp@gmail.com
494, Elis Svensson, +372 50443545, 13/04/2013, Rakvere, maratger@gmail.com
495, Vidar Hermansson, +372 50231239, 11/05/2003, Narva, antond@gmail.com
496, Eldar CowellMan, +372 50372942, 19/12/2005, Tartu, austin@gmail.com
497, Julian Torres, +372 50011234, 6/11/2003, Narva, matveig@gmail.com
498, Edward Zootamm, +372 59231321, 9/09/2011, Moskva, brainr@gmail.com
499, Brian Roberts, +372 58021476, 28/12/2000, Rakvere, adrianstr@gmail.com
500, Christopher Bennett, +372 54304582, 16/06/2003, Tartu, nathanri@gmail.com
501, Gino Maiorana, +372 50493920, 11/05/2003, Rakvere, xavierwr@gmail.com
502, Maxim Adamovin, +372 50586302, 19/11/2010, Tartu, grazia@gmail.com
503, Samuel Bengtsson, +372 58932312, 24/12/2001, Tartu, justinwal@gmail.com
504, Baldo Morino, +372 54034519, 3/09/2000, Tallinn, eldar1@gmail.com
505, Cole Johnson, +372 51424069, 10/08/2012, Moskva, carters@gmail.com
506, Baldo Morino, +372 55923110, 10/08/2012, Viljandi, antonios@gmail.com
507, Julian Torres, +372 50281057, 23/10/2010, Tallinn, aidansm@gmail.com
508, Benjamin Lund, +372 53023423, 31/01/2000, Tallinn, aidansm@gmail.com
509, Hunter Coleman, +372 58302341, 24/12/2004, Tartu, jesusrob@gmail.com
510, German Karpin, +372 50342809, 4/03/2003, Tallinn, alin@gmail.com
511, Jeremiah Rodriguez, +372 57932123, 5/05/1994, Rakvere, markop@gmail.com
512, Richard Campbell, +372 50435820, 7/06/2000, Tartu, nathaniel@gmail.com
513, Igor Krossberg, +372 50342810, 16/06/2015, Rakvere, joseth@gmail.com
514, Jack Ramirez, +372 50372315, 25/09/2004, Rakvere, alin@gmail.com
515, Adamo Artino, +372 52230231, 12/12/2000, Moskva, neoer@gmail.com
516, Eldar CowellMan, +372 50011565, 13/04/2013, Narva, arturs@gmail.com
517, Nathan Richardson, +372 50673261, 23/10/2007, Tartu, toomas1@gmail.com
518, Adam Hellstrom, +372 50018934, 13/04/2013, Viljandi, viktorl@gmail.com
519, Maffeo Celestino, +372 50358202, 9/10/2002, Moskva, calebking@gmail.com
520, Ugolino Chiesa, +372 50481204, 20/11/2012, Rakvere, guido@gmail.com
521, Alex Powell, +372 50327492, 13/04/2015, Viljandi, elissvens@gmail.com
522, Antonio Sanders, +372 51234325, 5/05/2003, Tallinn, igorf@gmail.com
523, Colin White, +372 54303540, 14/09/2001, Moskva, guido@gmail.com
524, Jacob Jansson, +372 50435820, 19/11/2010, Tartu, adamhel@gmail.com
525, Aidan Morris, +372 50432453, 29/06/2006, Tartu, robertoa@gmail.com
526, Colin Walker, +372 52123223, 25/04/2013, Tartu, harrynys@gmail.com
527, Gabriel Nelson, +372 50293048, 31/12/1999, Tallinn, leonha@gmail.com
528, Roger Federer, +372 51203232, 4/06/2003, Tartu, jose@gmail.com
529, Timothy Harris, +372 50345923, 24/12/2008, Tallinn, chimenti@gmail.com
530, Matvei Petrow, +372 50798112, 5/07/2016, Tallinn, vsevolod@gmail.com
531, Artur Slivkin, +372 50322312, 20/11/2015, Narva, ignatr@gmail.com
532, Joshua Hall, +372 53450028, 29/07/2017, Tallinn, diegogre@gmail.com
533, Joshua Hall, +372 58603492, 16/06/2013, Moskva, adamhel@gmail.com
534, Anton Olshanin, +372 50358202, 12/08/2016, Moskva, tieri@gmail.com
535, Osaka Kimwoo, +372 54534500, 22/01/2015, Narva, alexeiz@gmail.com
536, Guido Giarratana, +372 50258203, 15/07/2012, Tartu, vidarh@gmail.com
537, Robert Moore, +372 58903425, 3/11/2014, Narva, julian@gmail.com
538, Jacob Griffin, +372 50435432, 23/10/2015, Parnu, diegogre@gmail.com
539, Sean Wood, +372 50354280, 24/12/2008, Tallinn, igorf@gmail.com
540, Alex Allen, +372 50594358, 12/11/2006, Viljandi, adrianjo@gmail.com
541, Baldo Morino, +372 56565032, 30/07/2011, Tallinn, jackra@gmail.com
542, Charles Gray, +372 52022000, 14/06/2006, Tartu, joelmar@gmail.com
543, Julian Torres, +372 50453820, 14/03/2006, Narva, chimenti@gmail.com
544, Jeremiah Rodriguez, +372 50231239, 31/01/2000, Tallinn, juliantor@gmail.com
545, Maxim Adamovin, +372 51939203, 13/04/2013, Moskva, ivanmark@gmail.com
546, Mohamed Jonsson, +372 54034581, 23/10/2010, Rakvere, theohol@gmail.com
547, Ugolino Chiesa, +372 56546450, 4/12/1994, Tartu, aronmagi@gmail.com
548, Robert Moore, +372 50329402, 5/06/2007, Tallinn, landon@gmail.com
549, Ian Hernandez, +372 50372934, 19/11/2010, Rakvere, ubero@gmail.com
